BRAND	MODEL	YEAR	排序车型	TYPE	SIZE
Acura	ADX	2025-2026	Acura ADX		S2
Acura	CL	1997-2003	Acura CL		C4
Acura	Integra	1986-1993	Acura Integra	Hatchback	H1
Acura	Integra	1994-2001	Acura Integra	Coupe	C2
Acura	Integra	2023-2026	Acura Integra	Hch Incl:Type S	H2
Acura	Legend	1986-1990	Acura Legend	Sedan	A2
Acura	Legend	1987-1995	Acura Legend	Coupe	C4
Acura	Legend	1991-1995	Acura Legend	Sedan	A4
Acura	MDX	2001-2006	Acura MDX		S2
Acura	MDX	2007-2026	Acura MDX	SUV Incl: Type S	S3
Acura	NSX	1991-2021	Acura NSX		C2
Acura	NSX	2022	Acura NSX	Coupe Type S	C3
Acura	RDX	2007-2009	Acura RDX		S1
Acura	RDX	2010-2026	Acura RDX		S2
Acura	RL	1996-2004	Acura RL		A4
Acura	RLX	2014-2020	Acura RLX		A4
Acura	RSX	2002-2006	Acura RSX		H1
Acura	SLX	1996-1999	Acura SLX		S2
Acura	TL	1996-1998	Acura TL		A2
Acura	TL	1999-2014	Acura TL	Sedan Type-S/SH-AWD	A4
Acura	TLX	2015-2020	Acura TLX		A2
Acura	TLX	2021-2025	Acura TLX	Sedan Type S	A4
Acura	TSX	2009-2014	Acura TSX	Sedan	A2
Acura	TSX	2011-2014	Acura TSX	Wagon	H2
Acura	ZDX	2010-2025	Acura ZDX		S3
Alfa Romeo	4C	2015-2020	Alfa Romeo 4C		C1
Alfa Romeo	Stelvio	2018-2026	Alfa Romeo Stelvio		S2
Alfa Romeo	Tonale	2024-2026	Alfa Romeo Tonale		S1
Audi	A4	2009	Audi A4		A2
Audi	A5/S5	2018	Audi A5		H2
Audi	A5/S5/RS5	2019	Audi A5		H2
Audi	A6	1998-2011	Audi A6	Wagon	H2
Audi	A6	1998-2019	Audi A6	Sedan	A4
Audi	A6/RS6	2026	Audi A6		A4
Audi	A6/S6	1995-2020	Audi A6	Sedan	A4
Audi	A6/S6	2001-2009	Audi A6	Wagon	H2
Audi	A6/S6/RS6	2003-2025	Audi A6	Sedan	A4
Audi	A6/S6/RS6	2010-2026	Audi A6	Wagon	H2
Audi	A7	2012-2019	Audi A7		H2
Audi	A7/S7	2013-2020	Audi A7		H2
Audi	A7/S7/RS7	2014-2025	Audi A7		H2
Audi	A8	1997-2000	Audi A8		A4
Audi	A8	2019	Audi A8	Sedan LWB	C6
Audi	A8/S8	2001-2018	Audi A8		A4
Audi	A8/S8	2020-2026	Audi A8	Sedan Incl: LWB	C6
Audi	Q3	2015-2026	Audi Q3		S1
Audi	Q3/RS Q3	2017-2024	Audi Q3		S1
Audi	Q4 e-tron	2022-2026	Audi Q4 e-tron	SUV/Sportback	S1
Audi	Q5	2009-2026	Audi Q5		S2
Audi	Q5/SQ5	2014-2026	Audi Q5	SUV/Sportback	S2
Audi	Q6/SQ6 e-tron	2025-2026	Audi Q6		S2
Audi	Q6/SQ6 e-tron	2025-2026	Audi Q6		S2
Audi	Q7	2007-2019	Audi Q7		S3
Audi	Q7/SQ7	2020-2026	Audi Q7		S3
Audi	Q8	2019	Audi Q8		S3
Audi	Q8 e-tron/SQ8 e-tron	2024-2026	Audi Q8 e-tron	SUV/Sportback	S3
Audi	Q8/SQ8/RS Q8	2020-2026	Audi Q8		S3
Audi	RS5	2015	Audi RS5		C3
Audi	RS7	2026	Audi RS7		H2
Audi	S4	1992-1994	Audi S4		A4
Audi	S4	2009	Audi S4		C3
BMW	1 Series	2008-2013	BMW 1 Series	Coupe/Convertible	C2
BMW	2 Series	2014-2021	BMW 2 Series	Coupe/Convertible	C2
BMW	2 Series	2022-2026	BMW 2 Series	Coupe M2	C3
BMW	3 Series	1977-2006	BMW 3 Series	Coupe/Convertible	C2
BMW	3 Series	2000-2005	BMW 3 Series	Wagon	H1
BMW	3 Series	2007-2013	BMW 3 Series	Coupe/Convertible	C3
BMW	3 Series	2007-2019	BMW 3 Series	Wgn/Hch Incl:GT	H2
BMW	3 Series	2019-2026	BMW 3 Series	Sedan	A2
BMW	4 Series	2014-2020	BMW 4 Series	Convertible/Coupe	C3
BMW	4 Series	2021-2026	BMW 4 Series	Cou/Conv M4	C4
BMW	4 Series	2022-2026	BMW 4 Series	Sedan Gran Coupe	A2
BMW	5 Series	1992-2010	BMW 5 Series	Wagon	H2
BMW	5 Series	2011-2026	BMW 5 Series	Sedan Incl: GT/M5	A4
BMW	5 Series	1989-1995	BMW 5 Series	Sedan	A2
BMW	5 Series	1997-2009	BMW 5 Series	Sedan	A2
BMW	5 Series	2010	BMW 5 Series	Sedan Excl: GT	A2
BMW	6 Series	1977-2019	BMW 6 Series	Coupe/Convertible	C4
BMW	6 Series	2013-2019	BMW 6 Series	Sedan Gran Coupe	A4
BMW	6 Series	2018-2019	BMW 6 Series	Hatchback GT	H2
BMW	7 Series	1978-1986	BMW 7 Series		A2
BMW	7 Series	1987-2022	BMW 7 Series		A4
BMW	7 Series	2023-2026	BMW 7 Series		C6
BMW	8 Series	1991-2026	BMW 8 Series	Coupe/Convertible	C4
BMW	8 Series	2020-2026	BMW 8 Series	Sedan Gran Coupe	A4
BMW	X1	2013-2026	BMW X1	Incl: M35i	S1
BMW	X2	2018-2026	BMW X2	CUV Incl: M35i	S1
BMW	X3	2004-2010	BMW X3		S1
BMW	X3	2011-2026	BMW X3		S2
BMW	X4	2015-2025	BMW X4		S2
BMW	X5	2000-2006	BMW X5		S2
BMW	X5	2007-2026	BMW X5		S3
BMW	X6	2008-2026	BMW X6		S3
BMW	X7	2019-2026	BMW X7	SUV Incl: M60i	S4
BMW	XM	2023-2026	BMW XM		S4
BMW	Z3	1996-2002	BMW Z3	Roadster/Coupe	C1
BMW	Z4	2003-2008	BMW Z4		C1
BMW	Z4	2009-2026	BMW Z4		C2
BMW	i3	2014-2021	BMW i3		H1
BMW	i4	2022-2026	BMW i4		A2
BMW	i5	2024-2026	BMW i5		A4
BMW	i7	2023-2026	BMW i7		C6
BMW	i8	2014-2020	BMW i8	Coupe/Roadster	C3
BMW	iX	2022-2026	BMW iX		S3
Buick	Cascada	2016-2019	Buick Cascada		C3
Buick	Century	1957	Buick Century		C7
Buick	Century	1998-2005	Buick Century		A4
Buick	Century	1956	Buick Century		H2
Buick	Century	1978-1996	Buick Century		H2
Buick	Enclave	2008-2026	Buick Enclave		S4
Buick	Encore	2013-2022	Buick Encore		S1
Buick	Encore GX	2020-2026	Buick Encore GX		S1
Buick	Envision	2016-2026	Buick Envision		S2
Buick	Envista	2024-2026	Buick Envista		S2
Buick	LaCrosse	2005-2019	Buick LaCrosse		A4
Buick	LeSabre	1986-1991	Buick LeSabre	Coupe	C5
Buick	LeSabre	1986-2005	Buick LeSabre	Sedan	A4
Buick	LeSabre	1959-1963	Buick LeSabre	Sedan	C6
Buick	LeSabre	1965-1968	Buick LeSabre	Sedan	C6
Buick	LeSabre	1980	Buick LeSabre	Sedan	C6
Buick	LeSabre	1982-1985	Buick LeSabre	Sedan	C6
Buick	Lucerne	2006-2011	Buick Lucerne		A4
Buick	Park Avenue	1991-2005	Buick Park Avenue		A4
Buick	Rainier	2004-2007	Buick Rainier		S3
Buick	Reatta	1988-1991	Buick Reatta	Coupe/Convertible	C3
Buick	Regal	1976-1977	Buick Regal	Coupe	C7
Buick	Regal	1978-1996	Buick Regal	Coupe	C5
Buick	Regal	1991-2004	Buick Regal	Sedan	A4
Buick	Regal	2011-2017	Buick Regal	Sedan	A2
Buick	Regal	2018-2020	Buick Regal	Sportback/Wagon	H2
Buick	Rendezvous	2002-2007	Buick Rendezvous		S2
Buick	Riviera	1963-1965	Buick Riviera		C7
Buick	Riviera	1979-1993	Buick Riviera		C7
Buick	Riviera	1996-1999	Buick Riviera		C7
Buick	Roadmaster	1953	Buick Roadmaster	Sedan	A4
Buick	Roadmaster	1953	Buick Roadmaster	Coupe/Convertible	C7
Buick	Roadmaster	1936-1942	Buick Roadmaster	Sedan	C6
Buick	Roadmaster	1946-1952	Buick Roadmaster	Sedan	C6
Buick	Roadmaster	1954-1957	Buick Roadmaster	Sedan	C6
Buick	Roadmaster	1992-1996	Buick Roadmaster	Sedan	C6
Buick	Skylark	1953-1972	Buick Skylark	Convertible/Coupe	C7
Buick	Skylark	1975-1979	Buick Skylark	Hatchback	H2
Buick	Skylark	1980-1991	Buick Skylark	Coupe	C3
Buick	Skylark	1992-1993	Buick Skylark	Sedan	A2
Buick	Skylark	1995-1998	Buick Skylark	Sedan	A2
Buick	Skylark	1975-1979	Buick Skylark	Coupe	C5
Buick	Skylark	1994	Buick Skylark	Coupe	C5
Buick	Skylark	1992-1993	Buick Skylark	Coupe	C4
Buick	Skylark	1995-1997	Buick Skylark	Coupe	C4
Buick	Skylark	1965-1972	Buick Skylark	Sedan	A4
Buick	Skylark	1975-1979	Buick Skylark	Sedan	A4
Buick	Skylark	1994	Buick Skylark	Sedan	A4
Cadillac	ATS	2015-2019	Cadillac ATS	Coupe	C3
Cadillac	CT4	2020-2026	Cadillac CT4		A2
Cadillac	CT5	2020-2026	Cadillac CT5	Incl: Blackwing	A4
Cadillac	CT6	2016-2020	Cadillac CT6	Incl:PHEV/Bkwg	A4
Cadillac	CTS	2003-2013	Cadillac CTS	Sedan Incl: CTS-V	A2
Cadillac	CTS	2010-2014	Cadillac CTS	Wagon	H2
Cadillac	CTS	2011-2015	Cadillac CTS	Coupe	C4
Cadillac	CTS	2014-2019	Cadillac CTS	Sedan	A4
Cadillac	Catera	1997-2001	Cadillac Catera		A4
Cadillac	DTS	2006-2011	Cadillac DTS		A4
Cadillac	DTS-L	2007-2011	Cadillac DTS-L		C6
Cadillac	DeVille	1985-1988	Cadillac DeVille	Coupe	C5
Cadillac	DeVille	1989	Cadillac DeVille	Coupe	C7
Cadillac	DeVille	1994-1999	Cadillac DeVille	Sedan	C6
Cadillac	DeVille	1985-1993	Cadillac DeVille	Sedan	A4
Cadillac	DeVille	2000-2005	Cadillac DeVille	Sedan	A4
Cadillac	ELR	2014-2016	Cadillac ELR		C4
Cadillac	Eldorado	1979-1985	Cadillac Eldorado	Coupe/Convertible	C7
Cadillac	Eldorado	1986-1991	Cadillac Eldorado	Coupe	C4
Cadillac	Eldorado	1992-2002	Cadillac Eldorado	Coupe	C5
Cadillac	Escalade	2002	Cadillac Escalade		S3
Cadillac	Escalade	2003-2006	Cadillac Escalade	Excl: ESV	S3
Cadillac	Escalade	1999-2000	Cadillac Escalade		S4
Cadillac	Escalade	2007-2020	Cadillac Escalade	Excl: ESV	S4
Cadillac	Lyriq	2023-2026	Cadillac Lyriq	Incl: Lyriq-V	S3
Cadillac	Optiq	2025-2026	Cadillac Optiq		S2
Cadillac	SRX	2004-2009	Cadillac SRX		H2
Cadillac	SRX	2010-2016	Cadillac SRX		S3
Cadillac	STS	2005-2011	Cadillac STS	Incl: STS-V	A4
Cadillac	Seville	1976-2004	Cadillac Seville	Sedan Incl: STS/SLS	A4
Cadillac	Vistiq	2026	Cadillac Vistiq		S4
Cadillac	XLR	2004-2009	Cadillac XLR	Conv Incl:XLR-V	C2
Cadillac	XT4	2019-2023	Cadillac XT4		S2
Cadillac	XT4	2024-2025	Cadillac XT4		S1
Cadillac	XT5	2017-2026	Cadillac XT5		S2
Cadillac	XT6	2020-2025	Cadillac XT6		S3
Cadillac	XTS	2015-2019	Cadillac XTS		A4
Chevrolet	Aveo	2004-2011	Chevrolet Aveo	Hatchback	H1
Chevrolet	Bel Air	1953-1957	Chevrolet Bel Air	Coupe/Convertible	C5
Chevrolet	Bel Air	1953-1957	Chevrolet Bel Air	Sedan	A4
Chevrolet	Bel Air	1954-1957	Chevrolet Bel Air	Wagon	H2
Chevrolet	Bel Air	1958-1966	Chevrolet Bel Air	Sedan	C6
Chevrolet	Bel Air	1970-1971	Chevrolet Bel Air	Sedan	C6
Chevrolet	Bel Air	1958	Chevrolet Bel Air	Convertible/Coupe	C7
Chevrolet	Bel Air	1961-1962	Chevrolet Bel Air	Coupe	C7
Chevrolet	Beretta	1987-1996	Chevrolet Beretta	Coupe Incl: GT/GTZ	C4
Chevrolet	Blazer	2019-2026	Chevrolet Blazer	SUV	S3
Chevrolet	Blazer	1973-1994	Chevrolet Blazer	SUV	S2
Chevrolet	Blazer	1996-2005	Chevrolet Blazer	SUV	S2
Chevrolet	Blazer	1969-1972	Chevrolet Blazer	SUV	S1
Chevrolet	Blazer	1995-1996	Chevrolet Blazer	SUV	S1
Chevrolet	Bolt	2017-2027	Chevrolet Bolt		H1
Chevrolet	Bolt EUV	2022-2023	Chevrolet Bolt EUV		S1
Chevrolet	Camaro	1970-1981	Chevrolet Camaro	Coupe	C5
Chevrolet	Camaro	1993	Chevrolet Camaro	Coupe	C5
Chevrolet	Camaro	1994	Chevrolet Camaro	Coupe/Convertible	C5
Chevrolet	Camaro	1998-2002	Chevrolet Camaro	Coupe/Convertible	C5
Chevrolet	Camaro	1995-1997	Chevrolet Camaro	Cou/Conv Incl:Z28	C5
Chevrolet	Camaro	1991	Chevrolet Camaro	Convertible	C4
Chevrolet	Camaro	1992	Chevrolet Camaro	Convertible/Coupe	C4
Chevrolet	Camaro	2016	Chevrolet Camaro	Convertible/Coupe	C4
Chevrolet	Camaro	1989-1990	Chevrolet Camaro	Cou/Conv IROC/Z28	C4
Chevrolet	Camaro	2017-2024	Chevrolet Camaro	Cou/Conv Incl:ZL1	C4
Chevrolet	Camaro	1982-1984	Chevrolet Camaro	Coupe	C4
Chevrolet	Camaro	2010	Chevrolet Camaro	Coupe	C4
Chevrolet	Camaro	1985-1986	Chevrolet Camaro	Coupe IROC-Z/Z28	C4
Chevrolet	Camaro	1991	Chevrolet Camaro	Coupe Z28	C4
Chevrolet	Camaro	1967-1969	Chevrolet Camaro	Coupe/Convertible	C4
Chevrolet	Camaro	2011-2015	Chevrolet Camaro	Coupe/Convertible	C4
Chevrolet	Camaro	1987-1988	Chevrolet Camaro	Cou/Conv IROC/Z28	C4
Chevrolet	Caprice	1966-1970	Chevrolet Caprice	Sedan	C6
Chevrolet	Captiva	2012-2015	Chevrolet Captiva		S1
Chevrolet	Cavalier	1983-1987	Chevrolet Cavalier	Coupe	C2
Chevrolet	Cavalier	1983-1988	Chevrolet Cavalier	Wagon/Hatchback	H1
Chevrolet	Cavalier	1989-2005	Chevrolet Cavalier	Coupe/Convertible	C3
Chevrolet	Cavalier	1992-1994	Chevrolet Cavalier	Wagon	H2
Chevrolet	Chevelle	1964-1967	Chevrolet Chevelle	Wagon	H2
Chevrolet	Chevelle	1964-1972	Chevrolet Chevelle	Convertible/Coupe	C5
Chevrolet	Chevelle	1964-1972	Chevrolet Chevelle	Sedan	A4
Chevrolet	Chevelle	1973-1977	Chevrolet Chevelle	Sedan	C6
Chevrolet	Chevelle	1973-1977	Chevrolet Chevelle	Cou Incl:Laguna S3	C7
Chevrolet	City Express	2015-2018	Chevrolet City Express		H2
Chevrolet	Cobalt	2005-2010	Chevrolet Cobalt	Coupe SS	C3
Chevrolet	Corvette	1984-2004	Chevrolet Corvette	Cou/Conv Incl:ZR-1	C3
Chevrolet	Corvette	1953-1962	Chevrolet Corvette	Convertible	C2
Chevrolet	Corvette	1965-1967	Chevrolet Corvette	Coupe	C2
Chevrolet	Corvette	2005	Chevrolet Corvette	Coupe Incl: Z06/ZR1	C2
Chevrolet	Corvette	2014	Chevrolet Corvette	Coupe Incl: Z06/ZR1	C2
Chevrolet	Corvette	2006-2010	Chevrolet Corvette	Coupe Z06	C2
Chevrolet	Corvette	2015-2019	Chevrolet Corvette	Coupe Z06/ZR1	C2
Chevrolet	Corvette	1963-1964	Chevrolet Corvette	Coupe/Convertible	C2
Chevrolet	Corvette	1968-1975	Chevrolet Corvette	Convertible/Coupe	C4
Chevrolet	Corvette	1976-1982	Chevrolet Corvette	Coupe	C4
Chevrolet	Corvette	2020-2024	Chevrolet Corvette	Coupe	C4
Chevrolet	Corvette	2025-2026	Chevrolet Corvette	Coupe Incl: ZR1	C4
Chevrolet	Cruze	2017-2019	Chevrolet Cruze	Hatchback	H1
Chevrolet	Equinox	2005-2026	Chevrolet Equinox		S2
Chevrolet	Equinox EV	2024-2026	Chevrolet Equinox EV		S3
Chevrolet	Impala	1974	Chevrolet Impala	Sedan Impala SS	C6
Chevrolet	Impala	1994-1996	Chevrolet Impala	Wagon	H2
Chevrolet	Impala	2010-2013	Chevrolet Impala	Coupe	C7
Chevrolet	Impala	2014-2020	Chevrolet Impala	Sedan	A4
Chevrolet	K5 Blazer	1969-1972	Chevrolet K5 Blazer		S1
Chevrolet	K5 Blazer	1973-1994	Chevrolet K5 Blazer		S2
Chevrolet	Lumina	1990-1994	Chevrolet Lumina	Coupe	C5
Chevrolet	Lumina	1990-2001	Chevrolet Lumina	Sedan	A4
Chevrolet	Malibu	1964-1974	Chevrolet Malibu	Coupe/Convertible	C5
Chevrolet	Malibu	1975-1977	Chevrolet Malibu	Sedan	C6
Chevrolet	Malibu	1975-1977	Chevrolet Malibu	Coupe	C7
Chevrolet	Malibu	1978-1981	Chevrolet Malibu	Coupe	C4
Chevrolet	Malibu	1964-1974	Chevrolet Malibu	Wagon	H2
Chevrolet	Malibu	1978-1983	Chevrolet Malibu	Wagon	H2
Chevrolet	Malibu	1964-1974	Chevrolet Malibu	Sedan	A4
Chevrolet	Malibu	1978-1983	Chevrolet Malibu	Sedan	A4
Chevrolet	Malibu	1997-2025	Chevrolet Malibu	Sedan	A4
Chevrolet	Monte Carlo	1970-1972	Chevrolet Monte Carlo		C7
Chevrolet	Monte Carlo	1978-2007	Chevrolet Monte Carlo	Incl: SS	C5
Chevrolet	Nova	1962-1967	Chevrolet Nova	Coupe	C3
Chevrolet	Nova	1962-1979	Chevrolet Nova	Wagon/Hatchback	H2
Chevrolet	Nova	1968-1972	Chevrolet Nova	Sedan	A2
Chevrolet	Nova	1968-1972	Chevrolet Nova	Coupe	C4
Chevrolet	Nova	1973-1979	Chevrolet Nova	Coupe	C5
Chevrolet	Nova	1973-1979	Chevrolet Nova	Sedan	A4
Chevrolet	Nova	1987-1988	Chevrolet Nova	Hatchback	H1
Chevrolet	S-10 Blazer	1983-2005	Chevrolet S-10 Blazer	SUV	S1
Chevrolet	S-10 Blazer	1995-2004	Chevrolet S-10 Blazer	SUV	S2
Chevrolet	SS	2014-2017	Chevrolet SS		A4
Chevrolet	Sonic	2012-2020	Chevrolet Sonic	Hatchback	H1
Chevrolet	Spark	2013-2022	Chevrolet Spark		H1
Chevrolet	Suburban	1935-1940	Chevrolet Suburban		S1
Chevrolet	Suburban	1941-1946	Chevrolet Suburban		S3
Chevrolet	Tahoe	1995-1999	Chevrolet Tahoe	SUV	S2
Chevrolet	Tahoe	1995-2006	Chevrolet Tahoe	SUV	S3
Chevrolet	Tahoe	2007-2026	Chevrolet Tahoe	SUV	S4
Chevrolet	Tracker	1998-2004	Chevrolet Tracker		S1
Chevrolet	Trailblazer	2002-2009	Chevrolet Trailblazer	SUV Incl: SS	S3
Chevrolet	Trailblazer	2021-2026	Chevrolet Trailblazer		S1
Chevrolet	Traverse	2009-2026	Chevrolet Traverse	Incl: Limited	S4
Chevrolet	Trax	2015-2026	Chevrolet Trax		S1
Chevrolet	Volt	2011-2015	Chevrolet Volt		H1
Chevrolet	Volt	2016-2019	Chevrolet Volt		H2
Chrysler	200	2011-2014	Chrysler 200	Sedan	A2
Chrysler	200	2011-2014	Chrysler 200	Convertible	C5
Chrysler	200	2015-2017	Chrysler 200	Sedan	A4
Chrysler	200 Series	2011-2014	Chrysler 200 Series	Sedan	A2
Chrysler	200 Series	2011-2014	Chrysler 200 Series	Convertible	C5
Chrysler	200 Series	2015-2017	Chrysler 200 Series	Sedan	A4
Chrysler	300	2005-2023	Chrysler 300		A4
Chrysler	300 series	1999-2023	Chrysler 300 series	Sedan Incl: 300M	A4
Chrysler	300M	1999-2004	Chrysler 300M		A4
Chrysler	Aspen	2007-2009	Chrysler Aspen		S4
Chrysler	Cirrus	1995-2000	Chrysler Cirrus		A2
Chrysler	Concorde	1998-2001	Chrysler Concorde		C6
Chrysler	Concorde	1993-1997	Chrysler Concorde		A4
Chrysler	Concorde	2002-2004	Chrysler Concorde		A4
Chrysler	Crossfire	2004-2008	Chrysler Crossfire	Coupe/Roadster	C1
Chrysler	LHS	1994-2001	Chrysler LHS		A4
Chrysler	PT Cruiser	2001-2010	Chrysler PT Cruiser		H1
Chrysler	Pacifica	2004-2008	Chrysler Pacifica		S3
Chrysler	Pacifica	2017-2026	Chrysler Pacifica		H2
Chrysler	Sebring	2001-2010	Chrysler Sebring	Sedan	A2
Chrysler	Sebring	2001-2010	Chrysler Sebring	Convertible	C5
Chrysler	Sebring	1995	Chrysler Sebring	Coupe	C4
Chrysler	Sebring	2001-2005	Chrysler Sebring	Coupe	C4
Chrysler	Sebring	1996-2000	Chrysler Sebring	Coupe/Convertible	C4
Chrysler	Town & Country	1990-2016	Chrysler Town & Country		H2
Chrysler	Voyager	2000-2026	Chrysler Voyager		H2
Dodge	Avenger	1995-2000	Dodge Avenger		C4
Dodge	Avenger	2008-2014	Dodge Avenger		A4
Dodge	Caliber	2007-2012	Dodge Caliber		H1
Dodge	Caravan	1984-1990	Dodge Caravan	Minivan SWB	H1
Dodge	Caravan	1987-1990	Dodge Caravan	Minvn GrandCaravan	H2
Dodge	Caravan	1991-1995	Dodge Caravan	Minvn Grand/SWB	H2
Dodge	Caravan	2008-2020	Dodge Caravan	Minivan LWB	H2
Dodge	Caravan	1996-2007	Dodge Caravan	Minivan SWB	H2
Dodge	Challenger	1970-1972	Dodge Challenger		C4
Dodge	Challenger	1978-1983	Dodge Challenger		C3
Dodge	Challenger	1973-1974	Dodge Challenger		C5
Dodge	Challenger	2008-2014	Dodge Challenger		C5
Dodge	Challenger	2015-2023	Dodge Challenger	Incl: Widebody	C5
Dodge	Charger	1982-1987	Dodge Charger	Hatchback	H1
Dodge	Charger	2006-2026	Dodge Charger	Sedan	A4
Dodge	Charger	1966-1972	Dodge Charger	Coupe	C7
Dodge	Charger	2024-2026	Dodge Charger	Coupe	C7
Dodge	Daytona	1984-1986	Dodge Daytona		H1
Dodge	Daytona	1987-1993	Dodge Daytona		H2
Dodge	Durango	1998-2026	Dodge Durango	SUV Incl:Hellcat/SRT	S3
Dodge	Hornet	2023-2025	Dodge Hornet		S1
Dodge	Intrepid	1993-2004	Dodge Intrepid		A4
Dodge	Journey	2009-2020	Dodge Journey	CUV/SUV	S3
Dodge	Magnum	2005-2008	Dodge Magnum		H2
Dodge	Nitro	2007-2010	Dodge Nitro		S1
Dodge	Ramcharger	1974-1993	Dodge Ramcharger	SUV 4WD/2WD	S2
Dodge	Stealth	1991-1996	Dodge Stealth	Coupe T Turbo/R	C3
Dodge	Stratus	1995-2006	Dodge Stratus		A2
Dodge	Viper	1992-2015	Dodge Viper	Cou/Conv/Rds GTS/ACR	C2
FIAT	Fiat 500L	2014-2020	FIAT 500L		H1
Fiat	124 Spider	2017-2020	Fiat 124 Spider	Convertible Abarth	C1
Fiat	500	2012-2019	Fiat 500	Hatchback	H1
Fiat	500	2012-2019	Fiat 500	Convertible Abarth	C1
FIAT	Fiat 500L	2017	Fiat 500L		H1
Fiat	500X	2016-2023	Fiat 500X		S1
Ford	Bronco	2022-2026	Ford Bronco	SUV Raptor	S3
Ford	Bronco	1992-1996	Ford Bronco	SUV	S2
Ford	Bronco	2021	Ford Bronco	SUV	S2
Ford	Bronco	2022-2026	Ford Bronco	SUV Excl: Raptor	S2
Ford	Bronco	1966-1991	Ford Bronco	SUV	S1
Ford	Bronco	2022-2026	Ford Bronco	SUV Excl: Raptor	S1
Ford	Bronco Sport	2021-2026	Ford Bronco Sport	Incl: Badlands	S1
Ford	C-MAX	2013-2018	Ford C-Max	Incl: PHEV	H1
Ford	Crown Victoria	1983-2011	Ford Crown Victoria		C6
Ford	EcoSport	2018-2022	Ford EcoSport		S1
Ford	Edge	2007-2024	Ford Edge		S2
Ford	Escape	2020-2022	Ford Escape		S2
Ford	Escape	2001-2019	Ford Escape		S1
Ford	Escape	2023-2026	Ford Escape		S1
Ford	Escort	1981-1999	Ford Escort	Hatchback/Wagon	H1
Ford	Escort	1998-2003	Ford Escort	Coupe ZX2	C2
Ford	Expedition	1997-2006	Ford Expedition		S4
Ford	Expedition	2007-2017	Ford Expedition	Excl: EL	S4
Ford	Expedition	2025-2026	Ford Expedition	SUV Tremor	S4
Ford	Explorer	1991-2001	Ford Explorer		S1
Ford	Explorer	2002-2025	Ford Explorer	SUV Incl:Timberline	S3
Ford	Fiesta	2011-2019	Ford Fiesta	Hatchback Incl: ST	H1
Ford	Five Hundred	2005-2007	Ford Five Hundred		A4
Ford	Flex	2009-2019	Ford Flex		S4
Ford	Focus	2000-2007	Ford Focus	Wagon	H2
Ford	Focus	2000-2018	Ford Focus	Hch Incl:RS/ZX5/ZX3	H1
Ford	Focus	2008-2011	Ford Focus	Coupe	C2
Ford	Freestyle	2005-2007	Ford Freestyle		S3
Ford	Fusion	2006-2020	Ford Fusion		A2
Ford	GT	2005-2006	Ford GT		C3
Ford	GT	2017-2022	Ford GT		C4
Ford	Mustang	1973	Ford Mustang	Cou/Conv/Fbk	C5
Ford	Mustang	1974-1978	Ford Mustang	Hatchback	H1
Ford	Mustang	1974-1978	Ford Mustang	Coupe	C2
Ford	Mustang	1979-1993	Ford Mustang	Hatchback	H2
Ford	Mustang	1965-1966	Ford Mustang	Convertible/Coupe	C3
Ford	Mustang	1994-2002	Ford Mustang	Convertible/Coupe	C3
Ford	Mustang	2003-2004	Ford Mustang	Cou/Conv Mach1/SVT	C3
Ford	Mustang	1967-1968	Ford Mustang	Cou/Conv/Fbk	C3
Ford	Mustang	1979-1983	Ford Mustang	Coupe	C3
Ford	Mustang	1984-1986	Ford Mustang	Coupe Incl: SVO	C3
Ford	Mustang	1987-1993	Ford Mustang	Coupe/Convertible	C3
Ford	Mustang	2012	Ford Mustang	Convertible/Coupe	C4
Ford	Mustang	2015-2023	Ford Mustang	Convertible/Coupe	C4
Ford	Mustang	2024-2026	Ford Mustang	Cou/Conv DarkHorse	C4
Ford	Mustang	1971-1972	Ford Mustang	Cou/Conv/Fbk	C4
Ford	Mustang	1970	Ford Mustang	Conv/Fbk	C4
Ford	Mustang	2005-2011	Ford Mustang	Coupe/Convertible	C4
Ford	Mustang	2013-2014	Ford Mustang	Coupe/Convertible	C4
Ford	Mustang	1969	Ford Mustang	Cou/Conv/Fbk	C4
Ford	Mustang Mach-E	2021-2026	Ford Mustang Mach-E	CUV Incl: Rally	S2
Ford	Taurus	1986-1991	Ford Taurus	Sedan	A2
Ford	Taurus	1986-2005	Ford Taurus	Wagon	H2
Ford	Taurus	1992-2019	Ford Taurus	Sedan Incl: SHO	A4
Ford	Thunderbird	1955	Ford Thunderbird	Convertible	C2
Ford	Thunderbird	1957	Ford Thunderbird	Convertible	C3
Ford	Thunderbird	1958-1966	Ford Thunderbird	Coupe/Convertible	C7
Ford	Thunderbird	1980-1997	Ford Thunderbird	Coupe	C5
Ford	Thunderbird	1956	Ford Thunderbird	Convertible	C4
Ford	Thunderbird	2002-2005	Ford Thunderbird	Coupe	C4
GMC	Acadia	2007-2023	GMC Acadia	Incl: Limited	S3
GMC	Acadia	2024-2026	GMC Acadia		S4
GMC	Envoy	2002-2009	GMC Envoy		S3
GMC	Hummer SUV	2024-2026	GMC Hummer SUV		S4
GMC	Jimmy	1983-2001	GMC Jimmy	SUV	S1
GMC	Jimmy	1995-2000	GMC Jimmy	SUV	S2
GMC	Terrain	2010-2024	GMC Terrain		S2
GMC	Terrain	2025-2026	GMC Terrain		S1
GMC	Yukon	1992-1997	GMC Yukon	SUV	S2
GMC	Yukon	1995-1999	GMC Yukon	SUV	S3
GMC	Yukon	2000-2026	GMC Yukon	SUV	S4
Genesis	EQ900	2017-2026	Genesis EQ900	Sedan G90	A4
Genesis	G80	2017-2026	Genesis G80	Incl: Sport	A4
Genesis	G90	2017-2026	Genesis G90		A4
Genesis	GV60	2023-2026	Genesis GV60		S1
Genesis	GV70	2022-2026	Genesis GV70		S2
Genesis	GV80	2021-2026	Genesis GV80		S3
Honda	Accord	1976-1989	Honda Accord	Hatchback	H1
Honda	Accord	1988-1990	Honda Accord	Coupe	C3
Honda	Accord	1990-1997	Honda Accord	Wagon	H2
Honda	Accord	1990-2007	Honda Accord	Sedan	A2
Honda	Accord	1991-2017	Honda Accord	Coupe	C4
Honda	Accord	2008-2026	Honda Accord	Sedan	A4
Honda	CR-V	1997-2016	Honda CR-V		S1
Honda	CR-V	2017-2026	Honda CR-V		S2
Honda	CR-Z	2011-2016	Honda CR-Z		H1
Honda	Civic	1988-1991	Honda Civic	Coupe CRX	C1
Honda	Civic	1992-2020	Honda Civic	Coupe	C2
Honda	Civic	2017-2026	Honda Civic	Hatchback Type R	H2
Honda	Civic	1992-2000	Honda Civic	Hatchback	H1
Honda	Civic	2017-2021	Honda Civic	Hch Excl:Type R	H1
Honda	Civic	1980-1991	Honda Civic	Hatchback/Wagon	H1
Honda	Civic	1973-1979	Honda Civic	Wagon	H1
Honda	Clarity	2017-2021	Honda Clarity		A4
Honda	Clarity Plug In	2018-2021	Honda Clarity Plug In		A4
Honda	Crosstour	2010-2015	Honda Crosstour		H2
Honda	Element	2003-2009	Honda Element		S1
Honda	Fit	2007-2020	Honda Fit		H1
Honda	HR-V	2016-2026	Honda HR-V		S1
Honda	Insight	2000-2014	Honda Insight		H1
Honda	Odyssey	1995-2026	Honda Odyssey		H2
Honda	Passport	1994-2002	Honda Passport		S1
Honda	Passport	2019-2026	Honda Passport		S3
Honda	Pilot	2003-2008	Honda Pilot		S2
Honda	Pilot	2009-2026	Honda Pilot	Incl: TrailSport	S3
Honda	Prelude	1979-1982	Honda Prelude		C1
Honda	Prelude	1983-2001	Honda Prelude		C2
Honda	Prelude	2026	Honda Prelude		C3
Honda	Prologue	2024-2026	Honda Prologue		S3
Honda	S2000	2000-2009	Honda S2000		C1
Hyundai	Accent	1995-2017	Hyundai Accent	Hatchback	H1
Hyundai	Azera	2006-2017	Hyundai Azera		A4
Hyundai	Elantra	1996-2020	Hyundai Elantra	Wagon/Hatchback	H1
Hyundai	Elantra	2021-2026	Hyundai Elantra	Sedan	A2
Hyundai	Elantra GT	2013-2020	Hyundai Elantra GT		H1
Hyundai	Elantra Tour	2009-2012	Hyundai Elantra Tour		H1
Hyundai	Equus	2011-2016	Hyundai Equus		A4
Hyundai	Genesis	2009-2016	Hyundai Genesis	Incl: 5.0 R-Spec	A4
Hyundai	IONIQ 5	2022-2026	Hyundai IONIQ 5	Incl: N	S2
Hyundai	IONIQ 6	2026	Hyundai IONIQ 6	Sedan N	A4
Hyundai	IONIQ 6	2023-2025	Hyundai IONIQ 6		A2
Hyundai	IONIQ 6	2026	Hyundai IONIQ 6	Excl: N	A2
Hyundai	Ioniq	2017-2022	Hyundai Ioniq		H1
Hyundai	Ioniq 9	2026	Hyundai Ioniq 9		S3
Hyundai	Kona	2019-2026	Hyundai Kona		S1
Hyundai	Nexo	2019-2024	Hyundai Nexo		S2
Hyundai	Palisade	2020-2026	Hyundai Palisade		S3
Hyundai	Santa Fe	2001-2006	Hyundai Santa Fe		S1
Hyundai	Santa Fe	2007-2012	Hyundai Santa Fe		S2
Hyundai	Santa Fe	2020-2023	Hyundai Santa Fe		S2
Hyundai	Santa Fe	2019	Hyundai Santa Fe	Excl: XL	S2
Hyundai	Santa Fe	2013-2018	Hyundai Santa Fe	SUV Sport	S2
Hyundai	Santa Fe	2024-2026	Hyundai Santa Fe		S3
Hyundai	Santa Fe	2013-2019	Hyundai Santa Fe	SUV XL	S3
Hyundai	Sonata	1999-2019	Hyundai Sonata		A2
Hyundai	Sonata	2020-2026	Hyundai Sonata		A4
Hyundai	Tiburon	1997-2008	Hyundai Tiburon		C2
Hyundai	Tucson	2005-2021	Hyundai Tucson		S1
Hyundai	Tucson	2022-2026	Hyundai Tucson		S2
Hyundai	Veloster	2012-2022	Hyundai Veloster	Hch Incl:Turbo/N	H1
Hyundai	Venue	2020-2026	Hyundai Venue		S1
Hyundai	Veracruz	2007-2012	Hyundai Veracruz		S3
Hyundai	XG	2001-2005	Hyundai XG		A2
Ineos Automotive	Grenadier	2024-2026	Ineos Automotive Grenadier		S3
Infiniti	EX	2008-2013	Infiniti EX	SUV EX35/EX37	S2
Infiniti	FX	2003-2008	Infiniti FX		S2
Infiniti	FX	2009-2013	Infiniti FX		S3
Infiniti	G	2003-2013	Infiniti G	Coupe/Convertible	C3
Infiniti	G	2003-2013	Infiniti G	Sedan	A2
Infiniti	G	2003-2013	Infiniti G	Coupe/Convertible	C4
Infiniti	I	1996-1999	Infiniti I		A2
Infiniti	I	2000-2004	Infiniti I		A4
Infiniti	JX	2013	Infiniti JX		S3
Infiniti	M	1990-1992	Infiniti M	Coupe/Convertible	C4
Infiniti	M	2003-2013	Infiniti M	Sedan	A4
Infiniti	Q40	2015	Infiniti Q40		A2
Infiniti	Q45	1990-2006	Infiniti Q45		A4
Infiniti	Q50	2014-2024	Infiniti Q50	Sdn Incl:RedSport	A2
Infiniti	Q60	2014-2022	Infiniti Q60	Cou/Conv RedSport	C3
Infiniti	Q70	2014-2019	Infiniti Q70		A4
Infiniti	Q70L	2015-2019	Infiniti Q70L		A4
Infiniti	QX30	2017-2019	Infiniti QX30		S1
Infiniti	QX4	1997-2003	Infiniti QX4		S2
Infiniti	QX50	2014-2025	Infiniti QX50		S2
Infiniti	QX55	2022-2025	Infiniti QX55		S2
Infiniti	QX56	2004-2013	Infiniti QX56		S4
Infiniti	QX60	2014-2026	Infiniti QX60		S3
Infiniti	QX70	2014-2017	Infiniti QX70		S3
Infiniti	QX80	2014-2026	Infiniti QX80		S4
Jaguar	E-Pace	2018-2024	Jaguar E-Pace		S1
Jaguar	F-Pace	2017-2023	Jaguar F-Pace		S2
Jaguar	F-Type	2014-2024	Jaguar F-Type	Cou/Conv SVR/R/V8S	C2
Jaguar	I-Pace	2019-2024	Jaguar I-Pace		S2
Jaguar	S-Type	2000-2008	Jaguar S-Type		A4
Jaguar	X-Type	2005-2008	Jaguar X-Type	Wagon	H2
Jaguar	XF	2009-2024	Jaguar XF		A4
Jaguar	XF	2018-2020	Jaguar XF	Wagon Sportbrake	H2
Jaguar	XJ	1979-2019	Jaguar XJ	Sedan Incl: SWB/LWB	A4
Jaguar	XJS	1976-1996	Jaguar XJS	Coupe/Convertible	C4
Jaguar	XK	1997-2015	Jaguar XK	Cou/Conv XKR/XKR-S	C4
Jeep	Cherokee	1984-2001	Jeep Cherokee		S1
Jeep	Cherokee	1974-1983	Jeep Cherokee		S2
Jeep	Cherokee	2014-2023	Jeep Cherokee		S2
Jeep	Cherokee	2026	Jeep Cherokee		S2
Jeep	Commander	2006-2010	Jeep Commander		S2
Jeep	Compass	2007-2026	Jeep Compass		S1
Jeep	Grand Cherokee	1993-1998	Jeep Grand Cherokee		S1
Jeep	Grand Cherokee	1999-2013	Jeep Grand Cherokee		S2
Jeep	Grand Cherokee	2021-2026	Jeep Grand Cherokee	SUV L	S4
Jeep	Grand Cherokee	2022-2026	Jeep Grand Cherokee	Excl: L	S3
Jeep	Grand Cherokee	2014-2020	Jeep Grand Cherokee	Incl: SRT	S3
Jeep	Grand Cherokee	2021	Jeep Grand Cherokee	Incl: SRT Excl: L	S3
Jeep	Grand Wagoneer	1984-1991	Jeep Grand Wagoneer		S2
Jeep	Liberty	2002-2012	Jeep Liberty		S1
Jeep	Patriot	2007-2017	Jeep Patriot		S1
Jeep	Renegade	2015-2023	Jeep Renegade		S1
Jeep	Wagoneer	1963-1991	Jeep Wagoneer		S2
Jeep	Wagoneer S	2025-2026	Jeep Wagoneer S		S3
Jeep	Wrangler	2013-2026	Jeep Wrangler	SUV 4dr Unltd/Rubi	S2
Jeep	Wrangler	2024-2026	Jeep Wrangler	SUV 4dr Unltd/Xtrm	S3
Jeep	Wrangler	1987-1995	Jeep Wrangler	SUV 2-door	S1
Jeep	Wrangler	1997-2003	Jeep Wrangler	SUV 2-door	S1
Jeep	Wrangler	2013-2023	Jeep Wrangler	SUV 2-door	S1
Jeep	Wrangler	2004	Jeep Wrangler	SUV 2dr/Rubi/Unltd	S1
Jeep	Wrangler	2005-2006	Jeep Wrangler	SUV 2dr/Unltd/Rubi	S1
Jeep	Wrangler	2024-2026	Jeep Wrangler	SUV 2dr/Xtrm	S1
Jeep	Wrangler	2007-2012	Jeep Wrangler	SUV 2dr/4dr Unltd	S1
Karma Automotive	GS-6	2021-2022	Karma Automotive GS-6		A4
Karma Automotive	Revero	2017-2025	Karma Automotive Revero	Sedan Incl: GT/GTS	A4
Kia	Amanti	2004-2009	Kia Amanti		A4
Kia	Borrego	2009	Kia Borrego		S3
Kia	Cadenza	2014-2020	Kia Cadenza		A4
Kia	Carnival	2002-2026	Kia Carnival	Minvn Sedona SWB/LWB	H2
Kia	EV6	2022-2026	Kia EV6		S2
Kia	EV9	2024-2026	Kia EV9		S3
Kia	Forte	2010-2013	Kia Forte	Coupe	C2
Kia	Forte	2014-2016	Kia Forte	Coupe Koup	C3
Kia	Forte	2014-2018	Kia Forte	Hatchback Forte5	H1
Kia	K5	2021-2026	Kia K5		A4
Kia	K900	2015-2020	Kia K900		A4
Kia	NIRO	2017-2026	Kia NIRO	Incl: EV	S1
Kia	Optima	2001-2020	Kia Optima	Incl: Hybrid/PHEV	A2
Kia	Rio	2001-2023	Kia Rio	Wgn/Hch 5dr	H1
Kia	Rondo	2007-2010	Kia Rondo		S1
Kia	SELTOS	2021-2025	Kia SELTOS		S1
Kia	Sorento	2003-2009	Kia Sorento		S1
Kia	Sorento	2011-2026	Kia Sorento	Incl: PHEV	S2
Kia	Soul	2010-2025	Kia Soul	Hatchback Incl: EV	H1
Kia	Spectra	2002-2004	Kia Spectra	Hatchback	H2
Kia	Spectra	2006-2009	Kia Spectra	Hatchback	H1
Kia	Sportage	1995-2022	Kia Sportage		S1
Kia	Sportage	2023-2026	Kia Sportage	PHEV	S2
Kia	Stinger	2018-2023	Kia Stinger	Liftback Incl: GT	C4
Kia	Telluride	2020-2026	Kia Telluride		S3
Land Rover	Defender	1994-1997	Land Rover Defender	SUV 90 NAS	S2
Land Rover	Defender	2020-2026	Land Rover Defender	SUV 90	S1
Land Rover	Defender	2020-2026	Land Rover Defender	SUV 110/110 OCTA	S3
Land Rover	Defender	2023-2026	Land Rover Defender	SUV 130	S4
Land Rover	Discovery	1994-1999	Land Rover Discovery		S1
Land Rover	Discovery	2000-2004	Land Rover Discovery		S2
Land Rover	Discovery	2010-2024	Land Rover Discovery		S3
Land Rover	Discovery Sport	2015-2026	Land Rover Discovery Sport		S1
Land Rover	Evoque	2012-2018	Land Rover Evoque		C3
Land Rover	Evoque	2020-2026	Land Rover Evoque		S1
Land Rover	Freelander	2002-2005	Land Rover Freelander		S1
Land Rover	LR2	2008-2015	Land Rover LR2		S1
Land Rover	LR3	2005-2009	Land Rover LR3		S3
Land Rover	LR4	2010-2016	Land Rover LR4		S3
Land Rover	Range Rover	1987-1992	Land Rover Range Rover		S1
Land Rover	Range Rover	1995-2002	Land Rover Range Rover	Incl: LWB	S2
Land Rover	Range Rover	2014-2026	Land Rover Range Rover	SUV LWB	S4
Land Rover	Range Rover	2003-2013	Land Rover Range Rover		S3
Land Rover	Range Rover	2014-2021	Land Rover Range Rover	Excl: LWB	S3
Land Rover	Range Rover Evoque	2012-2016	Land Rover Range Rover Evoque		C2
Land Rover	Range Rover Evoque	2017-2019	Land Rover Range Rover Evoque		C3
Land Rover	Range Rover Evoque	2020-2026	Land Rover Range Rover Evoque		S1
Land Rover	Range Rover Sport	2006-2013	Land Rover Range Rover Sport		S2
Land Rover	Range Rover Sport	2014-2026	Land Rover Range Rover Sport		S3
Land Rover	Range Rover Velar	2018-2026	Land Rover Range Rover Velar		S2
Lexus	CT	2011-2017	Lexus CT		H1
Lexus	ES	1992-2012	Lexus ES		A2
Lexus	ES	2013-2026	Lexus ES		A4
Lexus	GS	1993-1997	Lexus GS		A4
Lexus	GS	1998-2020	Lexus GS		A2
Lexus	GX	2003-2013	Lexus GX		S2
Lexus	GX	2014-2026	Lexus GX	SUV Incl: Overtrail	S3
Lexus	IS	2010-2015	Lexus IS	Convertible	C3
Lexus	IS	2021-2026	Lexus IS	Sedan	A2
Lexus	LC	2018-2026	Lexus LC	Coupe/Convertible	C4
Lexus	LFA	2012	Lexus LFA		C2
Lexus	LS	1990-2026	Lexus LS	Incl: L	A4
Lexus	LX	1996-1997	Lexus LX		S2
Lexus	LX	1998-2026	Lexus LX		S3
Lexus	NX	2015-2026	Lexus NX		S2
Lexus	RC	2019-2024	Lexus RC	RC F	C4
Lexus	RC	2015-2018	Lexus RC	Excl: RC F	C3
Lexus	RC	2025	Lexus RC	Excl: RC F	C3
Lexus	RX	1999-2003	Lexus RX		S1
Lexus	RX	2004-2015	Lexus RX		S2
Lexus	RX	2016-2026	Lexus RX	Incl: RX L	S3
Lexus	RZ	2023-2026	Lexus RZ		S2
Lexus	SC	1992-2000	Lexus SC		C4
Lexus	SC	2002-2010	Lexus SC		C3
Lexus	TX	2024-2026	Lexus TX		S4
Lexus	UX	2019-2026	Lexus UX		S1
Lincoln	Aviator	2003-2026	Lincoln Aviator		S3
Lincoln	Continental	1982-1998	Lincoln Continental	Sedan	A4
Lincoln	Continental	2002	Lincoln Continental	Sedan	A4
Lincoln	Continental	2017-2020	Lincoln Continental	Sedan	A4
Lincoln	Continental	1961-1965	Lincoln Continental	Sedan	C6
Lincoln	Continental	1999-2001	Lincoln Continental	Sedan	C6
Lincoln	Corsair	2020-2021	Lincoln Corsair	SUV PHEV	S1
Lincoln	Corsair	2022-2026	Lincoln Corsair		S2
Lincoln	Corsair	2020-2021	Lincoln Corsair	Excl: PHEV	S2
Lincoln	LS	2000-2006	Lincoln LS		A4
Lincoln	MKC	2015-2019	Lincoln MKC		S1
Lincoln	MKS	2009-2016	Lincoln MKS		A4
Lincoln	MKX	2007-2018	Lincoln MKX		S2
Lincoln	MKZ	2008-2012	Lincoln MKZ		A2
Lincoln	MKZ	2013-2020	Lincoln MKZ		A4
Lincoln	Mark VII	1984-1992	Lincoln Mark VII		C5
Lincoln	Mark VIII	1993-1998	Lincoln Mark VIII		C7
Lincoln	Nautilus	2019-2023	Lincoln Nautilus		S2
Lincoln	Nautilus	2024-2026	Lincoln Nautilus		S3
Lincoln	Navigator	1998-2006	Lincoln Navigator		S4
Lincoln	Navigator	2007-2017	Lincoln Navigator	Excl: L	S4
Lincoln	Town Car	1998-2011	Lincoln Town Car		C6
Lincoln	Zephyr	2006	Lincoln Zephyr		A2
Lucid Motors	Gravity	2025-2026	Lucid Motors Gravity		S3
Lucid Motors	Lucid Air	2022-2026	Lucid Motors Lucid Air		A4
MINI	Clubman	2008-2024	MINI Clubman		H1
MINI	Convertible	2005-2026	MINI Convertible	Incl: JCW	C1
MINI	Cooper	2002-2026	MINI Cooper		H1
MINI	Cooper SE	2020-2024	MINI Cooper SE		H1
MINI	Countryman	2011-2026	MINI Countryman	SUV Incl: JCW	S1
MINI	Coupe	2012-2015	MINI Coupe		C1
MINI	Hardtop	2002-2024	MINI Hardtop		H1
MINI	Hatchback	2002-2024	MINI Hatchback	Hch 2dr CooperSE	H1
MINI	Paceman	2013-2016	MINI Paceman	CUV Incl: JCW ALL4	S1
MINI	Roadster	2012-2015	MINI Roadster	Conv Incl:JCW	C1
Maserati	Ghibli	2014-2024	Maserati Ghibli		A4
Maserati	GranTurismo	2008-2014	Maserati GranTurismo		C4
Maserati	GranTurismo	2015-2026	Maserati GranTurismo		C5
Maserati	Grecale	2023-2026	Maserati Grecale		S3
Maserati	Levante	2017-2024	Maserati Levante		S3
Maserati	MC20	2022-2025	Maserati MC20	Conv Incl:Cielo	C3
Maserati	Quattroporte	2005-2024	Maserati Quattroporte		A4
Mazda	2	2011-2014	Mazda 2		H1
Mazda	3	2007-2009	Mazda 3	Hatchback	H2
Mazda	3	2004-2006	Mazda 3	Hatchback	H1
Mazda	3	2010-2026	Mazda 3	Hatchback	H1
Mazda	5	2006-2011	Mazda 5		S2
Mazda	5	2012-2015	Mazda 5		S1
Mazda	6	2003-2008	Mazda 6	Hatchback/Wagon	H2
Mazda	6	2009-2021	Mazda 6	Sedan	A4
Mazda	CX-3	2016-2021	Mazda CX-3		S1
Mazda	CX-30	2020-2026	Mazda CX-30		S1
Mazda	CX-5	2013-2025	Mazda CX-5		S1
Mazda	CX-5	2026	Mazda CX-5		S2
Mazda	CX-50	2023-2026	Mazda CX-50		S2
Mazda	CX-7	2007-2012	Mazda CX-7		S2
Mazda	CX-70	2025-2026	Mazda CX-70		S3
Mazda	CX-9	2007-2023	Mazda CX-9		S3
Mazda	CX-90	2024-2025	Mazda CX-90		S4
Mazda	CX-90	2026	Mazda CX-90		S3
Mazda	MX-30	2022-2023	Mazda MX-30		S1
Mazda	MX-5	1990-2026	Mazda MX-5	Conv Incl:RF	C1
Mazda	MX-6	1990-1992	Mazda MX-6		C2
Mazda	MX-6	1993-1997	Mazda MX-6		C3
Mazda	Miata	1990-2026	Mazda Miata	Conv softtop/RF	C1
Mazda	Millenia	1995-2002	Mazda Millenia		A2
Mazda	Protege	2002-2003	Mazda Protege	Hatchback Protege5	H1
Mazda	RX-7	1979-1995	Mazda RX-7		C2
Mazda	RX-8	2009-2011	Mazda RX-8		C2
Mazda	Speed3	2007-2013	Mazda Speed3		H1
Mazda	Tribute	2001-2011	Mazda Tribute		S1
Mercedes-Benz	B-Class	2014-2017	Mercedes-Benz B-Class		H1
Mercedes-Benz	C-Class	2002-2005	Mercedes-Benz C-Class	Hch SportCou	H1
Mercedes-Benz	C-Class	2002-2005	Mercedes-Benz C-Class	Wagon	H2
Mercedes-Benz	C-Class	2012-2015	Mercedes-Benz C-Class	Coupe AMG	C4
Mercedes-Benz	C-Class	2016	Mercedes-Benz C-Class	Coupe	C3
Mercedes-Benz	C-Class	2017-2023	Mercedes-Benz C-Class	Coupe/Convertible	C3
Mercedes-Benz	C-Class	2012-2015	Mercedes-Benz C-Class	Cou/Conv Excl:AMG	C3
Mercedes-Benz	C-Class	2022	Mercedes-Benz C-Class	Sedan	A2
Mercedes-Benz	C-Class	2008-2014	Mercedes-Benz C-Class	Sedan AMG	A2
Mercedes-Benz	C-Class	2016-2021	Mercedes-Benz C-Class	Sedan AMG	A2
Mercedes-Benz	C-Class	2023-2026	Mercedes-Benz C-Class	Sedan Incl: AMG	A2
Mercedes-Benz	CL-Class	1998-2014	Mercedes-Benz CL-Class	Incl: AMG	C5
Mercedes-Benz	CLA-Class	2027	Mercedes-Benz CLA-Class		A2
Mercedes-Benz	CLA-Class	2026	Mercedes-Benz CLA-Class	Excl: AMG	A2
Mercedes-Benz	CLK-Class	1998-2009	Mercedes-Benz CLK-Class	Coupe/Convertible	C3
Mercedes-Benz	CLS-Class	2006-2023	Mercedes-Benz CLS-Class	Sdn 4drCou/AMG	A4
Mercedes-Benz	E-Class	1994-2009	Mercedes-Benz E-Class	Sedan Incl: AMG	A2
Mercedes-Benz	E-Class	1994-2017	Mercedes-Benz E-Class	Cou/Conv Incl:Cabrio	C3
Mercedes-Benz	E-Class	1994-2026	Mercedes-Benz E-Class	Wgn Incl:AllTerrain	H2
Mercedes-Benz	E-Class	2010-2026	Mercedes-Benz E-Class	Sedan AMG/PHEV	A4
Mercedes-Benz	E-Class	2018-2023	Mercedes-Benz E-Class	Cou/Conv Cabrio	C4
Mercedes-Benz	EQB	2022-2025	Mercedes-Benz EQB		S2
Mercedes-Benz	G-Class	2003-2018	Mercedes-Benz G-Class	SUV AMG	S2
Mercedes-Benz	G-Class	2019-2026	Mercedes-Benz G-Class		S3
Mercedes-Benz	GL-Class	2007-2012	Mercedes-Benz GL-Class		S3
Mercedes-Benz	GL-Class	2013-2016	Mercedes-Benz GL-Class	SUV AMG	S4
Mercedes-Benz	GLA-Class	2015-2026	Mercedes-Benz GLA-Class	Incl: AMG	S1
Mercedes-Benz	GLB-Class	2020-2026	Mercedes-Benz GLB-Class		S2
Mercedes-Benz	GLC-Class	2016-2026	Mercedes-Benz GLC-Class	CUV Incl: AMG	S2
Mercedes-Benz	GLE-Class	2016-2019	Mercedes-Benz GLE-Class	Coupe	C4
Mercedes-Benz	GLE-Class	2016-2019	Mercedes-Benz GLE-Class	SUV	S2
Mercedes-Benz	GLE-Class	2020-2026	Mercedes-Benz GLE-Class	SUV	S3
Mercedes-Benz	GLE-Class	2021-2026	Mercedes-Benz GLE-Class	Coupe	C5
Mercedes-Benz	GLK-Class	2011-2015	Mercedes-Benz GLK-Class		S1
Mercedes-Benz	GLS-Class	2017-2026	Mercedes-Benz GLS-Class	SUV AMG	S4
Mercedes-Benz	M-Class	1998-2001	Mercedes-Benz M-Class		S1
Mercedes-Benz	M-Class	2002-2015	Mercedes-Benz M-Class	Incl: Diesel/AMG	S2
Mercedes-Benz	ML-Class	1998-2001	Mercedes-Benz ML-Class		S1
Mercedes-Benz	ML-Class	2002-2015	Mercedes-Benz ML-Class		S2
Mercedes-Benz	S-Class	1994-2020	Mercedes-Benz S-Class	Cou/Conv Incl:PHEV	C5
Mercedes-Benz	S-Class	1994-2000	Mercedes-Benz S-Class	Sedan	A4
Mercedes-Benz	S-Class	2014	Mercedes-Benz S-Class	Sedan Excl: AMG	A4
Mercedes-Benz	S-Class	2017-2020	Mercedes-Benz S-Class	Sdn Excl:Maybach/AMG	A4
Mercedes-Benz	S-Class	2001-2005	Mercedes-Benz S-Class	Sedan Incl: AMG	A4
Mercedes-Benz	S-Class	2007-2013	Mercedes-Benz S-Class	Sedan Incl: AMG	A4
Mercedes-Benz	S-Class	2015	Mercedes-Benz S-Class	Sedan Incl: AMG	A4
Mercedes-Benz	S-Class	2016	Mercedes-Benz S-Class	Sdn AMG Excl:Maybach	A4
Mercedes-Benz	S-Class	2006	Mercedes-Benz S-Class	Sedan Incl: AMG/LWB	A4
Mercedes-Benz	S-Class	2014	Mercedes-Benz S-Class	Sedan AMG	C6
Mercedes-Benz	S-Class	2021-2022	Mercedes-Benz S-Class	Sedan Incl: Maybach	C6
Mercedes-Benz	S-Class	2023-2026	Mercedes-Benz S-Class	Sdn Incl:Maybach/AMG	C6
Mercedes-Benz	S-Class	2016	Mercedes-Benz S-Class	Sedan Maybach	C6
Mercedes-Benz	S-Class	2017-2020	Mercedes-Benz S-Class	Sedan Maybach/AMG	C6
Mercedes-Benz	SL-Class	2026	Mercedes-Benz SL-Class	Roadster AMG	C4
Mercedes-Benz	SL-Class	1972-1985	Mercedes-Benz SL-Class	Roadster	C3
Mercedes-Benz	SL-Class	1990-2002	Mercedes-Benz SL-Class	Roadster	C3
Mercedes-Benz	SL-Class	1957-1963	Mercedes-Benz SL-Class	Rds 300SL	C3
Mercedes-Benz	SL-Class	1986-1989	Mercedes-Benz SL-Class	Rds Incl:560SL	C3
Mercedes-Benz	SL-Class	2003-2020	Mercedes-Benz SL-Class	Roadster Incl: AMG	C3
Mercedes-Benz	SL-Class	1954	Mercedes-Benz SL-Class	Coupe	C2
Mercedes-Benz	SL-Class	1955-1956	Mercedes-Benz SL-Class	Coupe/Roadster	C2
Mercedes-Benz	SL-Class	1957	Mercedes-Benz SL-Class	Cou/Rds Excl:300SL	C2
Mercedes-Benz	SL-Class	1964-1971	Mercedes-Benz SL-Class	Roadster	C2
Mercedes-Benz	SL-Class	1958-1963	Mercedes-Benz SL-Class	Rds Excl:300SL	C2
Mercedes-Benz	SLC-Class	2017-2020	Mercedes-Benz SLC-Class	AMG	C1
Mercedes-Benz	SLK-Class	1998-2016	Mercedes-Benz SLK-Class	Incl: AMG	C1
Mercury	Cougar	1967-1970	Mercury Cougar	Coupe/Convertible	C4
Mercury	Cougar	1980-1982	Mercury Cougar	Sedan	A4
Mercury	Cougar	1980-2002	Mercury Cougar	Wagon/Hatchback	H2
Mercury	Cougar	1971-1973	Mercury Cougar	Convertible/Coupe	C5
Mercury	Cougar	1980-1997	Mercury Cougar	Coupe	C5
Mercury	Grand Marquis	1979-2011	Mercury Grand Marquis		C6
Mercury	Marauder	2003-2004	Mercury Marauder		C6
Mercury	Mariner	2005-2011	Mercury Mariner		S1
Mercury	Marquis	1979-1982	Mercury Marquis	Sedan	C6
Mercury	Marquis	1983-1986	Mercury Marquis	Wagon	H2
Mercury	Marquis	1983-1986	Mercury Marquis	Sedan	A4
Mercury	Milan	2006-2011	Mercury Milan		A2
Mercury	Monterey	1952-1953	Mercury Monterey	Coupe/Convertible	C5
Mercury	Monterey	1952-1956	Mercury Monterey	Sedan	A4
Mercury	Monterey	1954-1956	Mercury Monterey	Coupe/Convertible	C7
Mercury	Monterey	2004-2007	Mercury Monterey	Minivan	H2
Mercury	Monterey	1952-1954	Mercury Monterey	Wagon	H2
Mercury	Monterey	1957-1958	Mercury Monterey	Sedan	C6
Mercury	Monterey	1961-1964	Mercury Monterey	Sedan	C6
Mercury	Mountaineer	1997-1998	Mercury Mountaineer		S2
Mercury	Mountaineer	1999-2010	Mercury Mountaineer		S3
Mercury	Sable	1986-2005	Mercury Sable	Wagon	H2
Mercury	Sable	1986-2009	Mercury Sable	Sedan	A4
Mercury	Tracer	1991-1999	Mercury Tracer	Wagon	H1
Mitsubishi	3000GT	1991-1999	Mitsubishi 3000GT	Coupe/Convertible	C3
Mitsubishi	Diamante	1992-1993	Mitsubishi Diamante		A2
Mitsubishi	Diamante	1994-2004	Mitsubishi Diamante		A4
Mitsubishi	Eclipse	1995-1999	Mitsubishi Eclipse	Hatchback	H1
Mitsubishi	Eclipse	2000-2012	Mitsubishi Eclipse	Coupe/Convertible	C3
Mitsubishi	Eclipse	1999	Mitsubishi Eclipse	Convertible	C2
Mitsubishi	Eclipse	1998	Mitsubishi Eclipse	Convertible/Coupe	C2
Mitsubishi	Eclipse	1990-1995	Mitsubishi Eclipse	Coupe	C2
Mitsubishi	Eclipse	2000-2002	Mitsubishi Eclipse	Coupe	C2
Mitsubishi	Eclipse	1996-1997	Mitsubishi Eclipse	Coupe/Convertible	C2
Mitsubishi	Eclipse Cross	2018-2026	Mitsubishi Eclipse Cross		S1
Mitsubishi	Endeavor	2004-2011	Mitsubishi Endeavor		S3
Mitsubishi	Galant	1994-2012	Mitsubishi Galant		A2
Mitsubishi	Lancer	2011-2015	Mitsubishi Lancer	Sportback	H2
Mitsubishi	Mirage	2014-2024	Mitsubishi Mirage	Hatchback	H1
Mitsubishi	Montero	1983-1990	Mitsubishi Montero	SUV	S1
Mitsubishi	Montero	1989-2000	Mitsubishi Montero	SUV	S2
Mitsubishi	Montero	2001-2006	Mitsubishi Montero	SUV	S3
Mitsubishi	Montero Sport	1997-2004	Mitsubishi Montero Sport		S2
Mitsubishi	Outlander	2003-2006	Mitsubishi Outlander		S1
Mitsubishi	Outlander	2007-2026	Mitsubishi Outlander		S2
Mitsubishi	Outlander Sport	2011-2025	Mitsubishi Outlander Sport		S1
Mitsubishi	i-MiEV	2012-2017	Mitsubishi i-MiEV		H1
Nissan	240SX	1989-1992	Nissan 240SX	Hatchback	H1
Nissan	240SX	1989-1998	Nissan 240SX	Coupe/Convertible	C2
Nissan	300ZX	1986-1989	Nissan 300ZX	Coupe	C3
Nissan	300ZX	1991-1994	Nissan 300ZX	Cou/Conv Incl:2+2	C2
Nissan	300ZX	1996	Nissan 300ZX	Cou/Conv Incl:2+2	C2
Nissan	300ZX	1984-1985	Nissan 300ZX	Coupe	C2
Nissan	300ZX	1990	Nissan 300ZX	Cou/Conv Incl:2+2	C2
Nissan	300ZX	1995	Nissan 300ZX	Cou/Conv Incl:2+2	C2
Nissan	350Z	2003-2009	Nissan 350Z	Coupe/Convertible	C2
Nissan	370Z	2009-2020	Nissan 370Z	Cou/Conv Incl:NISMO	C2
Nissan	Altima	1998-2018	Nissan Altima	Sedan	A2
Nissan	Altima	2008-2013	Nissan Altima	Coupe	C3
Nissan	Altima	2019-2026	Nissan Altima	Sedan	A4
Nissan	Ariya	2023-2026	Nissan Ariya		S2
Nissan	Armada	2004-2026	Nissan Armada	SUV NISMO/PRO-4X	S4
Nissan	Cube	2009-2014	Nissan Cube		H1
Nissan	GT-R	2009-2016	Nissan GT-R		C3
Nissan	GT-R	2017-2024	Nissan GT-R	Coupe NISMO	C4
Nissan	Juke	2011-2017	Nissan Juke		S1
Nissan	Kicks	2018-2026	Nissan Kicks		S1
Nissan	Leaf	2011-2025	Nissan Leaf		H1
Nissan	Leaf	2026	Nissan Leaf		S1
Nissan	Maxima	1981-1984	Nissan Maxima	Wagon	H2
Nissan	Maxima	1981-2003	Nissan Maxima	Sedan	A2
Nissan	Maxima	2004-2023	Nissan Maxima	Sedan	A4
Nissan	Murano	2003-2014	Nissan Murano		S2
Nissan	Murano	2015-2026	Nissan Murano		S3
Nissan	Pathfinder	2012-2026	Nissan Pathfinder	SUV Incl:RockCreek	S3
Nissan	Pathfinder	1988-1995	Nissan Pathfinder	SUV	S2
Nissan	Pathfinder	2005-2011	Nissan Pathfinder	SUV	S2
Nissan	Pathfinder	1987	Nissan Pathfinder	SUV	S1
Nissan	Pathfinder	1990-2004	Nissan Pathfinder	SUV	S1
Nissan	Rogue	2008-2026	Nissan Rogue	Incl: PHEV	S2
Nissan	Rogue Sport	2017-2022	Nissan Rogue Sport		S1
Nissan	Sentra	1982-1986	Nissan Sentra	Wagon/Hatchback	H1
Nissan	Sentra	1982-1994	Nissan Sentra	Coupe	C2
Nissan	Versa	2007-2019	Nissan Versa	Hatchback	H1
Nissan	Versa Note	2014-2019	Nissan Versa Note		H1
Nissan	Xterra	2000-2015	Nissan Xterra		S1
Nissan	Z	2023-2026	Nissan Z	Incl: NISMO	C2
Oldsmobile	88	1951-1958	Oldsmobile 88	Coupe	C7
Oldsmobile	88	1949-1950	Oldsmobile 88	Coupe	C5
Oldsmobile	88	1986-1989	Oldsmobile 88	Coupe	C5
Oldsmobile	88	1951-1958	Oldsmobile 88	Sedan	A4
Oldsmobile	88	1986-1999	Oldsmobile 88	Sedan	A4
Oldsmobile	88	1961-1965	Oldsmobile 88	Sedan	C6
Oldsmobile	88	1968	Oldsmobile 88	Sedan	C6
Oldsmobile	88	1977-1979	Oldsmobile 88	Sedan	C6
Oldsmobile	Achieva	1992-1998	Oldsmobile Achieva	Sedan	A2
Oldsmobile	Achieva	1992-1998	Oldsmobile Achieva	Coupe	C4
Oldsmobile	Alero	1999-2004	Oldsmobile Alero	Sedan	A2
Oldsmobile	Alero	1999-2004	Oldsmobile Alero	Coupe	C4
Oldsmobile	Aurora	1995-2003	Oldsmobile Aurora		A4
Oldsmobile	Bravada	1991-1994	Oldsmobile Bravada		S1
Oldsmobile	Bravada	1996-2001	Oldsmobile Bravada		S2
Oldsmobile	Bravada	2002-2004	Oldsmobile Bravada		S3
Oldsmobile	Cutlass	1973-1977	Oldsmobile Cutlass	Sedan	C6
Oldsmobile	Cutlass	1984-1996	Oldsmobile Cutlass	Wagon Ciera	H2
Oldsmobile	Cutlass	1961-1963	Oldsmobile Cutlass	Wagon F-85/Cutlass	H2
Oldsmobile	Cutlass	1983-1989	Oldsmobile Cutlass	Sedan Ciera	A2
Oldsmobile	Cutlass	1961	Oldsmobile Cutlass	Sedan F-85/Cutlass	A2
Oldsmobile	Cutlass	1964	Oldsmobile Cutlass	Convertible	C5
Oldsmobile	Cutlass	1979	Oldsmobile Cutlass	Coupe RWD	C5
Oldsmobile	Cutlass	1991-1997	Oldsmobile Cutlass	Coupe Supreme	C5
Oldsmobile	Cutlass	1968	Oldsmobile Cutlass	Coupe/Convertible	C5
Oldsmobile	Cutlass	1962	Oldsmobile Cutlass	Cou/Conv F85/Cutlass	C4
Oldsmobile	Cutlass	1983	Oldsmobile Cutlass	Coupe Ciera	C4
Oldsmobile	Cutlass	1963	Oldsmobile Cutlass	Coupe F-85/Cutlass	C4
Oldsmobile	Cutlass	1989-1990	Oldsmobile Cutlass	Coupe Incl: Ciera	C4
Oldsmobile	Cutlass	1991	Oldsmobile Cutlass	Cou Ciera Excl:Sup	C4
Oldsmobile	Cutlass	1965-1972	Oldsmobile Cutlass	Sedan	A4
Oldsmobile	Cutlass	1990	Oldsmobile Cutlass	Sedan Ciera	A4
Oldsmobile	Cutlass	1996	Oldsmobile Cutlass	Sedan Ciera/Supreme	A4
Oldsmobile	Cutlass	1962-1963	Oldsmobile Cutlass	Sedan F-85/Cutlass	A4
Oldsmobile	Cutlass	1998-1999	Oldsmobile Cutlass	Sedan FWD	A4
Oldsmobile	Cutlass	1978	Oldsmobile Cutlass	Sedan RWD	A4
Oldsmobile	Cutlass	1981	Oldsmobile Cutlass	Sedan RWD	A4
Oldsmobile	Cutlass	1991-1995	Oldsmobile Cutlass	Sedan Supreme/Ciera	A4
Oldsmobile	Cutlass	1997	Oldsmobile Cutlass	Sedan Supreme/FWD	A4
Oldsmobile	Cutlass	1966-1973	Oldsmobile Cutlass	Convertible/Coupe	C7
Oldsmobile	Cutlass	1977	Oldsmobile Cutlass	Coupe	C7
Oldsmobile	Cutlass	1965	Oldsmobile Cutlass	Coupe/Convertible	C7
Oldsmobile	Intrigue	1998-2002	Oldsmobile Intrigue		A4
Plymouth	Barracuda	1964-1973	Plymouth Barracuda	Coupe/Fastback	C4
Plymouth	Barracuda	1974	Plymouth Barracuda	Coupe	C5
Plymouth	Breeze	1996-2000	Plymouth Breeze		A2
Plymouth	Fury	1962-1964	Plymouth Fury	Sedan	A4
Plymouth	Fury	1962	Plymouth Fury	Convertible/Coupe	C5
Plymouth	Fury	1963	Plymouth Fury	Coupe	C5
Plymouth	Fury	1959-1961	Plymouth Fury	Sedan	C6
Plymouth	Fury	1965-1972	Plymouth Fury	Sedan	C6
Plymouth	Fury	1975-1978	Plymouth Fury	Sedan	C6
Plymouth	Fury	1965-1966	Plymouth Fury	Convertible	C7
Plymouth	Fury	1961	Plymouth Fury	Convertible/Coupe	C7
Plymouth	Fury	1964	Plymouth Fury	Convertible/Coupe	C7
Plymouth	Fury	1957-1958	Plymouth Fury	Coupe	C7
Plymouth	Fury	1960	Plymouth Fury	Coupe	C7
Plymouth	Fury	1959	Plymouth Fury	Coupe/Convertible	C7
Plymouth	Fury	1963	Plymouth Fury	Coupe/Convertible	C7
Plymouth	Fury	1956	Plymouth Fury	Hdtp Belvedere/Fury	C7
Plymouth	Laser	1990-1994	Plymouth Laser		C2
Plymouth	Neon	1995-1999	Plymouth Neon	Coupe	C2
Plymouth	Road Runner	1971	Plymouth Road Runner		C7
Plymouth	Road Runner	1968-1970	Plymouth Road Runner		C5
Plymouth	Road Runner	1972	Plymouth Road Runner		C5
Plymouth	Sundance	1992-1994	Plymouth Sundance		H1
Plymouth	Valiant	1960-1966	Plymouth Valiant	Wagon	H2
Plymouth	Valiant	1963-1972	Plymouth Valiant	Sedan	A2
Plymouth	Valiant	1963-1972	Plymouth Valiant	Coupe/Convertible	C4
Plymouth	Valiant	1973-1976	Plymouth Valiant	Coupe Duster/Scamp	C5
Plymouth	Valiant	1973-1976	Plymouth Valiant	Sedan	A4
Polestar	1	2020-2021	Polestar 1		C3
Polestar	2	2021-2025	Polestar 2		H2
Polestar	3	2025-2026	Polestar 3		S3
Polestar	4	2026	Polestar 4		S3
Pontiac	Astre	1975-1977	Pontiac Astre	Wgn/Hch Incl:Safari	H1
Pontiac	Aztec	2001-2005	Pontiac Aztec		S2
Pontiac	Bonneville	1982-2005	Pontiac Bonneville	Sedan	A4
Pontiac	Bonneville	1958	Pontiac Bonneville	Sedan	C6
Pontiac	Bonneville	1961-1964	Pontiac Bonneville	Sedan	C6
Pontiac	Bonneville	1977-1981	Pontiac Bonneville	Sedan	C6
Pontiac	Firebird	1967-1973	Pontiac Firebird	Cou/Conv Incl:TA	C4
Pontiac	Firebird	1974-2002	Pontiac Firebird	Cou/Conv TransAm	C5
Pontiac	G3	2009	Pontiac G3		H1
Pontiac	G5	2007-2009	Pontiac G5		C3
Pontiac	G6	2005-2010	Pontiac G6	Sedan	A2
Pontiac	G6	2006-2009	Pontiac G6	Convertible	C4
Pontiac	G8	2008-2009	Pontiac G8		A4
Pontiac	GTO	1965-1972	Pontiac GTO	Convertible/Coupe	C7
Pontiac	GTO	2004-2006	Pontiac GTO	Coupe	C4
Pontiac	GTO	1964	Pontiac GTO	Convertible/Coupe	C5
Pontiac	GTO	1974	Pontiac GTO	Coupe	C5
Pontiac	Grand Am	1992-2005	Pontiac Grand Am	Sedan	A2
Pontiac	Grand Am	1992-2005	Pontiac Grand Am	Coupe	C4
Pontiac	Grand Prix	1978-2002	Pontiac Grand Prix	Coupe	C5
Pontiac	Grand Prix	1997-2008	Pontiac Grand Prix	Sedan	A4
Pontiac	LeMans	1962	Pontiac LeMans	Cou Tempest/LeMans	C4
Pontiac	LeMans	1973-1976	Pontiac LeMans	Sedan	C6
Pontiac	LeMans	1988-1993	Pontiac LeMans	Hatchback	H1
Pontiac	LeMans	1993	Pontiac LeMans	Coupe	C2
Pontiac	LeMans	1966	Pontiac LeMans	Hatchback	H2
Pontiac	LeMans	1978	Pontiac LeMans	Hatchback	H2
Pontiac	LeMans	1979-1980	Pontiac LeMans	Hatchback/Wagon	H2
Pontiac	LeMans	1964-1965	Pontiac LeMans	Wagon	H2
Pontiac	LeMans	1967	Pontiac LeMans	Wagon	H2
Pontiac	LeMans	1963	Pontiac LeMans	Wgn Temp/LeMans/Saf	H2
Pontiac	LeMans	1969	Pontiac LeMans	Convertible	C5
Pontiac	LeMans	1964-1968	Pontiac LeMans	Convertible/Coupe	C5
Pontiac	LeMans	1970	Pontiac LeMans	Convertible/Coupe	C5
Pontiac	LeMans	1971	Pontiac LeMans	Coupe	C5
Pontiac	LeMans	1978-1979	Pontiac LeMans	Coupe	C5
Pontiac	LeMans	1981	Pontiac LeMans	Coupe	C5
Pontiac	LeMans	1961-1963	Pontiac LeMans	Cou/Conv Temp/LM	C5
Pontiac	LeMans	1964-1972	Pontiac LeMans	Sedan	A4
Pontiac	LeMans	1977-1980	Pontiac LeMans	Sedan	A4
Pontiac	LeMans	1967	Pontiac LeMans	Convertible/Coupe	C7
Pontiac	LeMans	1972	Pontiac LeMans	Convertible/Coupe	C7
Pontiac	LeMans	1965-1966	Pontiac LeMans	Coupe	C7
Pontiac	LeMans	1973-1976	Pontiac LeMans	Coupe	C7
Pontiac	LeMans	1977	Pontiac LeMans	Coupe Incl: Can Am	C7
Pontiac	Solstice	2006-2009	Pontiac Solstice	Roadster/Coupe	C1
Pontiac	Sunfire	1995-2005	Pontiac Sunfire	Coupe/Convertible	C3
Pontiac	Torrent	2006-2009	Pontiac Torrent		S2
Pontiac	Vibe	2003-2010	Pontiac Vibe		H1
Porsche	911	2016	Porsche 911	Coupe GT3 RS	C3
Porsche	911	2025	Porsche 911	Cou GT3RS/Turbo	C3
Porsche	911	2026	Porsche 911	Coupe Incl: Turbo	C3
Porsche	911	2017	Porsche 911	Cou/Conv Incl:Turbo	C3
Porsche	911	2018	Porsche 911	Cou/Conv Turbo/GT2RS	C3
Porsche	911	2019	Porsche 911	Cou/Conv Turbo/GT3RS	C3
Porsche	911	2020	Porsche 911	Cou/Conv/Tga Cabrio	C3
Porsche	911	2021	Porsche 911	Cou/Conv Cab/Turbo	C3
Porsche	911	2022	Porsche 911	Cou/Conv Cab/GT3RS	C3
Porsche	911	2023-2024	Porsche 911	Cou/Conv Cab/GT3/Dkr	C3
Porsche	911	2019	Porsche 911	Roadster Speedster	C3
Porsche	911	2006	Porsche 911	Cou/Conv/Tga	C2
Porsche	911	2013	Porsche 911	Cou/Conv/Tga	C2
Porsche	911	2010	Porsche 911	Cou/Conv/Tga GT3/Tbo	C2
Porsche	911	2011	Porsche 911	Cou/Conv/Tga GT2RS	C2
Porsche	911	2009	Porsche 911	Cou/Conv/Tga Tbo/GT2	C2
Porsche	911	2005	Porsche 911	Cou/Conv/Tga Tbo/GT3	C2
Porsche	911	1965-1975	Porsche 911	Coupe	C2
Porsche	911	1981-1982	Porsche 911	Coupe	C2
Porsche	911	1976-1980	Porsche 911	Coupe Incl: Turbo	C2
Porsche	911	1983-1985	Porsche 911	Cou/Conv/Tga Cabrio	C2
Porsche	911	1990	Porsche 911	Cou/Conv/Tga Cabrio	C2
Porsche	911	1995	Porsche 911	Cou/Conv/Tga Cabrio	C2
Porsche	911	1999-2000	Porsche 911	Cou/Conv/Tga Cabrio	C2
Porsche	911	1996-1998	Porsche 911	Cou/Conv Tga/Cab/Tbo	C2
Porsche	911	1986-1989	Porsche 911	Cou/Conv Cab/Turbo	C2
Porsche	911	1991-1994	Porsche 911	Cou/Conv Cab/Turbo	C2
Porsche	911	2001	Porsche 911	Cou/Conv Cab/Turbo	C2
Porsche	911	2007	Porsche 911	Cou/Conv GT3RS/Turbo	C2
Porsche	911	2008	Porsche 911	Cou/Conv GT2/Turbo	C2
Porsche	911	2014-2015	Porsche 911	Cou/Conv GT3/Turbo	C2
Porsche	911	2016	Porsche 911	Cou/Conv GT3 ExRS	C2
Porsche	911	2012	Porsche 911	Cou/Conv Incl:Turbo	C2
Porsche	911	2002-2003	Porsche 911	Cou/Conv Tbo/Cab/GT2	C2
Porsche	911	2004	Porsche 911	Cou/Conv Tbo/Cab/GT3	C2
Porsche	912	1965-1969	Porsche 912		C1
Porsche	912	1976	Porsche 912	Coupe 912E	C2
Porsche	Boxster	1997-2025	Porsche Boxster	Cou/Conv/Rds	C2
Porsche	Cayenne	2003-2010	Porsche Cayenne	SUV	S2
Porsche	Cayenne	2011-2026	Porsche Cayenne	SUV	S3
Porsche	Cayenne	2019-2026	Porsche Cayenne	Coupe	C5
Porsche	Cayman	2009-2025	Porsche Cayman		C2
Porsche	Macan	2015-2026	Porsche Macan		S2
Porsche	Panamera	2017-2026	Porsche Panamera	Lfbk Exec LWB	A4
Porsche	Panamera	2010-2016	Porsche Panamera		H2
Porsche	Panamera	2014-2016	Porsche Panamera	Lfbk Exec LWB	H2
Porsche	Panamera	2018-2023	Porsche Panamera	Wagon Sport Turismo	H2
Porsche	Taycan	2020-2026	Porsche Taycan	Sdn Incl:Turbo GT	A4
Porsche	Taycan	2021-2026	Porsche Taycan	Wgn Cross/SportT	H2
Rivian	R1S	2022-2026	Rivian R1S		S3
Saab	9月3日	1999-2011	Saab 9-3	Convertible	C3
Saab	9月3日	2006-2011	Saab 9-3	Wagon	H2
Saab	9月5日	1999-2009	Saab 9-5	Wagon	H2
Saab	9月5日	1999-2009	Saab 9-5	Sedan	A2
Saab	9月5日	2010-2011	Saab 9-5	Sedan	A4
Saab	900	1979-1998	Saab 900	Hatchback	H2
Saab	900	1986-1998	Saab 900	Convertible	C3
Saturn	Astra	2008-2009	Saturn Astra		H1
Saturn	Aura	2007-2009	Saturn Aura		A2
Saturn	Ion	2003-2007	Saturn Ion	Coupe	C3
Saturn	L-Series	2000-2004	Saturn L-Series	Wagon	H2
Saturn	L-Series	2000-2005	Saturn L-Series	Sedan	A2
Saturn	Outlook	2007-2010	Saturn Outlook		S3
Saturn	S-Series	1991-1996	Saturn S-Series	Coupe	C2
Saturn	S-Series	1993-1997	Saturn S-Series	Wagon	H1
Saturn	S-Series	1997-2002	Saturn S-Series	Coupe	C3
Saturn	S-Series	1998-2001	Saturn S-Series	Wagon	H2
Saturn	Sky	2007-2010	Saturn Sky		C1
Saturn	Vue	2002-2007	Saturn Vue		S2
Saturn	Vue	2008-2010	Saturn Vue		S1
Scion	FR-S	2013-2016	Scion FR-S		C2
Scion	XA	2004-2006	Scion XA		H1
Scion	iM	2016	Scion iM		H1
Scion	iQ	2012-2015	Scion iQ		H1
Scion	tC	2005-2016	Scion tC		C2
Scion	xB	2004-2015	Scion xB		H1
Scion	xD	2008-2014	Scion xD		H1
Subaru	Ascent	2019-2026	Subaru Ascent		S3
Subaru	BRZ	2013-2020	Subaru BRZ		C2
Subaru	Crosstrek	2013-2026	Subaru Crosstrek	CUV Incl:Wilderness	S1
Subaru	Forester	1998-2013	Subaru Forester		S1
Subaru	Forester	2014-2026	Subaru Forester	SUV Incl:Wilderness	S2
Subaru	Impreza	1993-2026	Subaru Impreza	Wgn/Hch OutbackSport	H1
Subaru	Impreza	1995-2001	Subaru Impreza	Coupe	C2
Subaru	Legacy	1990-2007	Subaru Legacy	Wagon	H2
Subaru	Legacy	2010-2025	Subaru Legacy	Sedan	A2
Subaru	Outback	1995-2026	Subaru Outback	Wgn Incl:Wilderness	H2
Subaru	Outback Sport	1995-2011	Subaru Outback Sport	Wgn/Hch OutbackSport	H1
Subaru	Solterra	2023-2026	Subaru Solterra		S2
Subaru	Tribeca	2006-2014	Subaru Tribeca		S3
Subaru	WRX	2002-2014	Subaru WRX	Wgn/Hch WRX/STI	H1
Suzuki	Aerio	2002-2005	Suzuki Aerio	Wagon	H1
Suzuki	Forenza	2004-2008	Suzuki Forenza	Wagon	H2
Suzuki	Grand Vitara	1999-2013	Suzuki Grand Vitara		S1
Suzuki	SX4	2007-2013	Suzuki SX4	Hatchback/Sportback	H1
Suzuki	Sidekick	1989-1998	Suzuki Sidekick	SUV Incl: Sport	S1
Suzuki	XL7	2002-2006	Suzuki XL7		S2
Suzuki	XL7	2007-2009	Suzuki XL7	SUV XL7	S3
Tesla	Model 3	2024-2026	Tesla Model 3		A2
Tesla	Model S	2012-2026	Tesla Model S		H2
Tesla	Model X	2016-2026	Tesla Model X		S3
Tesla	Model Y	2020-2026	Tesla Model Y	SUV Incl:Perf	S2
Toyota	4Runner	1984-1998	Toyota 4Runner		S1
Toyota	4Runner	1999-2013	Toyota 4Runner		S2
Toyota	4Runner	2014-2026	Toyota 4Runner		S3
Toyota	86	2017-2026	Toyota 86		C2
Toyota	Avalon	1995-2004	Toyota Avalon		A2
Toyota	Avalon	2005-2022	Toyota Avalon		A4
Toyota	C-HR	2018-2022	Toyota C-HR		S1
Toyota	Camry	1983-1986	Toyota Camry	Hatchback	H1
Toyota	Camry	1987-1996	Toyota Camry	Wagon	H2
Toyota	Camry	1992-2017	Toyota Camry	Sedan	A2
Toyota	Camry	2018-2026	Toyota Camry	Sedan	A4
Toyota	Celica	1971-1999	Toyota Celica	Cou Incl:All-Trac	C2
Toyota	Celica	2000-2005	Toyota Celica		H1
Toyota	Corolla	1968-1974	Toyota Corolla	Coupe	C1
Toyota	Corolla	1968-2026	Toyota Corolla	Wgn/Hch GR Corolla	H1
Toyota	Corolla	1980-1991	Toyota Corolla	Coupe	C2
Toyota	Corolla Cross	2022-2026	Toyota Corolla Cross		S1
Toyota	Corolla GR	2023-2026	Toyota Corolla GR		H1
Toyota	Corolla iM	2017-2018	Toyota Corolla iM		H1
Toyota	Crown	2023-2026	Toyota Crown		A4
Toyota	Crown Signia	2025-2026	Toyota Crown Signia		H2
Toyota	FJ Cruiser	2007-2014	Toyota FJ Cruiser		S2
Toyota	Grand Highlander	2024-2026	Toyota Grand Highlander		S4
Toyota	Highlander	2001-2013	Toyota Highlander		S2
Toyota	Highlander	2014-2026	Toyota Highlander		S3
Toyota	Land Cruiser	1958-1997	Toyota Land Cruiser		S2
Toyota	Land Cruiser	1998-2021	Toyota Land Cruiser		S3
Toyota	Land Cruiser 250	2024-2026	Toyota Land Cruiser 250		S3
Toyota	MIRAI	2016-2024	Toyota MIRAI		A4
Toyota	MR2	1985-2005	Toyota MR2		C1
Toyota	Matrix	2003-2013	Toyota Matrix		H1
Toyota	Prius	2004-2015	Toyota Prius		H1
Toyota	Prius	2016-2026	Toyota Prius		H2
Toyota	Prius C	2012-2019	Toyota Prius C		H1
Toyota	Prius Plug-in Hybrid	2012-2015	Toyota Prius Plug-in Hybrid		H1
Toyota	Prius Prime	2017-2026	Toyota Prius Prime		H2
Toyota	Prius V	2012-2017	Toyota Prius V		H2
Toyota	RAV4	2006-2025	Toyota RAV4	Incl: EV	S2
Toyota	RAV4	1996-2005	Toyota RAV4		S1
Toyota	RAV4	2026	Toyota RAV4		S1
Toyota	Sequoia	2001-2026	Toyota Sequoia		S4
Toyota	Sienna	1998-2026	Toyota Sienna	Minvn Incl:Woodland	H2
Toyota	Solara	1999-2008	Toyota Solara	Coupe/Convertible	C4
Toyota	Supra	1979-1992	Toyota Supra		C3
Toyota	Supra	1993-2026	Toyota Supra		C2
Toyota	Tercel	1980-1988	Toyota Tercel	Wgn/Hch Incl:4WD	H1
Toyota	Tercel	1989-1990	Toyota Tercel	Coupe	C2
Toyota	Tercel	1995-1999	Toyota Tercel	Coupe	C1
Toyota	Venza	2009-2015	Toyota Venza		H2
Toyota	Venza	2021-2024	Toyota Venza		S2
Toyota	Yaris	2007-2020	Toyota Yaris	Hatchback	H1
Toyota	bZ	2026	Toyota bZ	SUV Woodland	S3
Toyota	bZ	2026	Toyota bZ	Excl: Woodland	S2
Toyota	bZ4X	2023-2025	Toyota bZ4X		S2
VinFast	VF8	2023-2025	VinFast VF8		S2
Volkswagen	Arteon	2019-2024	Volkswagen Arteon		H2
Volkswagen	Atlas	2018-2026	Volkswagen Atlas	Incl: Cross Sport	S3
Volkswagen	Atlas Cross	2021-2026	Volkswagen Atlas Cross	SUV Cross Sport	S3
Volkswagen	Beetle	1998-2010	Volkswagen Beetle	Convertible	C1
Volkswagen	Beetle	1998-2019	Volkswagen Beetle	Hch Incl:Dune	H1
Volkswagen	Beetle	2012-2019	Volkswagen Beetle	Conv Incl:Dune	C2
Volkswagen	Eos	2007-2016	Volkswagen Eos		C2
Volkswagen	Golf	1999-2026	Volkswagen Golf	Hch R/GTI/Diesel	H1
Volkswagen	Golf	2015-2019	Volkswagen Golf	Wagon	H2
Volkswagen	ID.4	2021-2026	Volkswagen ID.4		S1
Volkswagen	Jetta	2009-2014	Volkswagen Jetta	Wagon	H2
Volkswagen	Jetta	2019-2026	Volkswagen Jetta	Sedan GLI	A2
Volkswagen	Passat	1974-1981	Volkswagen Passat	Hatchback/Wagon	H1
Volkswagen	Passat	1982-2010	Volkswagen Passat	Wagon	H2
Volkswagen	Passat	1998-2019	Volkswagen Passat	Sedan	A2
Volkswagen	Passat	2020-2022	Volkswagen Passat	Sedan	A4
Volkswagen	Passat CC	2009-2017	Volkswagen Passat CC		A2
Volkswagen	Phaeton	2004-2006	Volkswagen Phaeton		A4
Volkswagen	Rabbit	1975-2009	Volkswagen Rabbit	Hatchback Incl: GTI	H1
Volkswagen	Rabbit	1980	Volkswagen Rabbit	Convertible	C1
Volkswagen	Taos	2022-2026	Volkswagen Taos		S1
Volkswagen	Tiguan	2009-2017	Volkswagen Tiguan		S1
Volkswagen	Tiguan	2018-2026	Volkswagen Tiguan		S2
Volkswagen	Touareg	2004-2017	Volkswagen Touareg		S2
Volvo	C30	2008-2013	Volvo C30		H1
Volvo	C40	2022-2024	Volvo C40		S1
Volvo	C40 Recharge	2022-2024	Volvo C40 Recharge		S1
Volvo	C70	1998-2004	Volvo C70		C4
Volvo	C70	2006-2013	Volvo C70		C3
Volvo	EC40	2025-2026	Volvo EC40		S1
Volvo	EX30	2025-2026	Volvo EX30		S1
Volvo	EX40	2025-2026	Volvo EX40		S1
Volvo	EX90	2025-2026	Volvo EX90		S3
Volvo	S60	2019-2025	Volvo S60		A2
Volvo	S70	1998-2000	Volvo S70		A2
Volvo	S80	1999-2016	Volvo S80		A2
Volvo	S90	1997-1998	Volvo S90		A2
Volvo	S90	2017-2025	Volvo S90		A4
Volvo	V40	2002-2003	Volvo V40		H2
Volvo	V40	2000-2001	Volvo V40		H1
Volvo	V40	2004	Volvo V40		H1
Volvo	V50	2005-2009	Volvo V50		H1
Volvo	V60	2015-2026	Volvo V60	Wgn Incl:CrossCtry	H2
Volvo	V70	1998-2010	Volvo V70	Incl: XC	H2
Volvo	V90	1997-2026	Volvo V90	Wgn Incl:CrossCtry	H2
Volvo	XC40	2019-2025	Volvo XC40		S1
Volvo	XC60	2010-2026	Volvo XC60		S2
Volvo	XC70	2003-2016	Volvo XC70		H2
Volvo	XC90	2003-2014	Volvo XC90		S2
Volvo	XC90	2016-2026	Volvo XC90		S3
